{"cameraMode":{"drawMode":0,"name":"Shaded","section":"Shading Mode"},"sceneLighting":true,"audioPlay":false,"sceneViewState":{"showFog":true,"showMaterialUpdate":false,"showSkybox":true,"showFlares":true,"showImageEffects":true,"showParticleSystems":true},"in2DMode":false,"pivot":{"x":-1.7961158752441407,"y":-3.9987411499023439,"z":-0.8513550758361816},"rotation":{"x":-0.04516976699233055,"y":0.07395349442958832,"z":-0.003353089326992631,"w":-0.9962330460548401},"size":13.853154182434082,"orthographic":false}